,author,date,review,rating,cleaned_review,Reviews_Token,Reviews_Lemm
2,Karlee Bamford,2 years ago,today two extremely different interactions employees branch one call jestina reprimanded poor customer service others said reviews apparently dropped credit card someone found turned branch received super friendly helpful phone call branch saying found could come time closing debit card id claim went get made feel like crazy trying steal someone else card impossible card handed teller called jestina incredibly rude listen times tried tell lost found situation collect newly issued credit card finally got info extremely annoyed tell looking wrong place whole time told next time bank called anyone called matter record name phone number simply way could help situation without information asked probably times called called three tellers standing either side staring giving sympathetic eyes finally person front entrance desk came coffee break wow problems immediately resolved card returned incredibly unnecessarily frustrating,1,today two extrem differ interact employe branch one call jestina reprimand poor custom servic other said review appar drop credit card someon found turn branch receiv super friendli help phone call branch say found could come time close debit card id claim went get made feel like crazi tri steal someon els card imposs card hand teller call jestina incred rude listen time tri tell lost found situat collect newli issu credit card final got info extrem annoy tell look wrong place whole time told next time bank call anyon call matter record name phone number simpli way could help situat without inform ask probabl time call call three teller stand either side stare give sympathet eye final person front entranc desk came coffe break wow problem immedi resolv card return incred unnecessarili frustrat,"['today', 'two', 'extremely', 'different', 'interactions', 'employees', 'branch', 'one', 'call', 'jestina', 'reprimanded', 'poor', 'customer', 'service', 'others', 'said', 'reviews', 'apparently', 'dropped', 'credit', 'card', 'someone', 'found', 'turned', 'branch', 'received', 'super', 'friendly', 'helpful', 'phone', 'call', 'branch', 'saying', 'found', 'could', 'come', 'time', 'closing', 'debit', 'card', 'id', 'claim', 'went', 'get', 'made', 'feel', 'like', 'crazy', 'trying', 'steal', 'someone', 'else', 'card', 'impossible', 'card', 'handed', 'teller', 'called', 'jestina', 'incredibly', 'rude', 'listen', 'times', 'tried', 'tell', 'lost', 'found', 'situation', 'collect', 'newly', 'issued', 'credit', 'card', 'finally', 'got', 'info', 'extremely', 'annoyed', 'tell', 'looking', 'wrong', 'place', 'whole', 'time', 'told', 'next', 'time', 'bank', 'called', 'anyone', 'called', 'matter', 'record', 'name', 'phone', 'number', 'simply', 'way', 'could', 'help', 'situation', 'without', 'information', 'asked', 'probably', 'times', 'called', 'called', 'three', 'tellers', 'standing', 'either', 'side', 'staring', 'giving', 'sympathetic', 'eyes', 'finally', 'person', 'front', 'entrance', 'desk', 'came', 'coffee', 'break', 'wow', 'problems', 'immediately', 'resolved', 'card', 'returned', 'incredibly', 'unnecessarily', 'frustrating']","['today', 'two', 'extremely', 'different', 'interaction', 'employee', 'branch', 'one', 'call', 'jestina', 'reprimand', 'poor', 'customer', 'service', 'others', 'say', 'review', 'apparently', 'drop', 'credit', 'card', 'someone', 'find', 'turn', 'branch', 'receive', 'super', 'friendly', 'helpful', 'phone', 'call', 'branch', 'say', 'find', 'could', 'come', 'time', 'close', 'debit', 'card', 'id', 'claim', 'go', 'get', 'make', 'feel', 'like', 'crazy', 'try', 'steal', 'someone', 'else', 'card', 'impossible', 'card', 'hand', 'teller', 'call', 'jestina', 'incredibly', 'rude', 'listen', 'time', 'try', 'tell', 'lose', 'find', 'situation', 'collect', 'newly', 'issue', 'credit', 'card', 'finally', 'get', 'info', 'extremely', 'annoy', 'tell', 'look', 'wrong', 'place', 'whole', 'time', 'tell', 'next', 'time', 'bank', 'call', 'anyone', 'call', 'matter', 'record', 'name', 'phone', 'number', 'simply', 'way', 'could', 'help', 'situation', 'without', 'information', 'ask', 'probably', 'time', 'call', 'call', 'three', 'teller', 'stand', 'either', 'side', 'star', 'give', 'sympathetic', 'eye', 'finally', 'person', 'front', 'entrance', 'desk', 'come', 'coffee', 'break', 'wow', 'problem', 'immediately', 'resolve', 'card', 'return', 'incredibly', 'unnecessarily', 'frustrate']"
3,Finance Horse,3 years ago,turned away branch twice saying advisor available attend also said cannot book appointment another branch even though possible customer service requests declined intention solve customer issues retain business,1,turn away branch twice say advisor avail attend also said cannot book appoint anoth branch even though possibl custom servic request declin intent solv custom issu retain busi,"['turned', 'away', 'branch', 'twice', 'saying', 'advisor', 'available', 'attend', 'also', 'said', 'cannot', 'book', 'appointment', 'another', 'branch', 'even', 'though', 'possible', 'customer', 'service', 'requests', 'declined', 'intention', 'solve', 'customer', 'issues', 'retain', 'business']","['turn', 'away', 'branch', 'twice', 'say', 'advisor', 'available', 'attend', 'also', 'say', 'cannot', 'book', 'appointment', 'another', 'branch', 'even', 'though', 'possible', 'customer', 'service', 'request', 'decline', 'intention', 'solve', 'customer', 'issue', 'retain', 'business']"
4,Adam O'Brien,5 years ago,absolutely terrible bank rude customer service reps lift finger go way help student every year switch bank account back regular account without warning end paying service fees absolutely refuse even give heads top branch hours ridiculous often closing pm weekdays limited saturday hours sunday hours virtually banks sunday hours terrible bank go td want half decent bank,1,absolut terribl bank rude custom servic rep lift finger go way help student everi year switch bank account back regular account without warn end pay servic fee absolut refus even give head top branch hour ridicul often close pm weekday limit saturday hour sunday hour virtual bank sunday hour terribl bank go td want half decent bank,"['absolutely', 'terrible', 'bank', 'rude', 'customer', 'service', 'reps', 'lift', 'finger', 'go', 'way', 'help', 'student', 'every', 'year', 'switch', 'bank', 'account', 'back', 'regular', 'account', 'without', 'warning', 'end', 'paying', 'service', 'fees', 'absolutely', 'refuse', 'even', 'give', 'heads', 'top', 'branch', 'hours', 'ridiculous', 'often', 'closing', 'pm', 'weekdays', 'limited', 'saturday', 'hours', 'sunday', 'hours', 'virtually', 'banks', 'sunday', 'hours', 'terrible', 'bank', 'go', 'td', 'want', 'half', 'decent', 'bank']","['absolutely', 'terrible', 'bank', 'rude', 'customer', 'service', 'rep', 'lift', 'finger', 'go', 'way', 'help', 'student', 'every', 'year', 'switch', 'bank', 'account', 'back', 'regular', 'account', 'without', 'warn', 'end', 'pay', 'service', 'fee', 'absolutely', 'refuse', 'even', 'give', 'head', 'top', 'branch', 'hour', 'ridiculous', 'often', 'close', 'pm', 'weekday', 'limit', 'saturday', 'hour', 'sunday', 'hour', 'virtually', 'bank', 'sunday', 'hour', 'terrible', 'bank', 'go', 'td', 'want', 'half', 'decent', 'bank']"
5,Edward (Kawaii Reviews and More),4 years ago,customer service goes die worst experience branch manager norman complete utter disregard customers concerns inquiries falsely charged purchases authorized behalf unable provide appropriate guidance simply told speak agent phone still hold nearly minutes speaking help whatsoever resolve issue branch one located scarborough town centre dreams end customer service disaster,1,custom servic goe die worst experi branch manag norman complet utter disregard custom concern inquiri fals charg purchas author behalf unabl provid appropri guidanc simpli told speak agent phone still hold nearli minut speak help whatsoev resolv issu branch one locat scarborough town centr dream end custom servic disast,"['customer', 'service', 'goes', 'die', 'worst', 'experience', 'branch', 'manager', 'norman', 'complete', 'utter', 'disregard', 'customers', 'concerns', 'inquiries', 'falsely', 'charged', 'purchases', 'authorized', 'behalf', 'unable', 'provide', 'appropriate', 'guidance', 'simply', 'told', 'speak', 'agent', 'phone', 'still', 'hold', 'nearly', 'minutes', 'speaking', 'help', 'whatsoever', 'resolve', 'issue', 'branch', 'one', 'located', 'scarborough', 'town', 'centre', 'dreams', 'end', 'customer', 'service', 'disaster']","['customer', 'service', 'go', 'die', 'bad', 'experience', 'branch', 'manager', 'norman', 'complete', 'utter', 'disregard', 'customer', 'concern', 'inquiry', 'falsely', 'charge', 'purchase', 'authorize', 'behalf', 'unable', 'provide', 'appropriate', 'guidance', 'simply', 'tell', 'speak', 'agent', 'phone', 'still', 'hold', 'nearly', 'minute', 'speak', 'help', 'whatsoever', 'resolve', 'issue', 'branch', 'one', 'locate', 'scarborough', 'town', 'centre', 'dream', 'end', 'customer', 'service', 'disaster']"
6,Jennifer Fernandes,6 years ago,poor service went last saturday add husband account told service needed done home branch went home branch today asked teller told could done branch branch staff unmotivated would expect better service bank especially scotiabank lie customer avoid task part role unprofessional,1,poor servic went last saturday add husband account told servic need done home branch went home branch today ask teller told could done branch branch staff unmotiv would expect better servic bank especi scotiabank lie custom avoid task part role unprofession,"['poor', 'service', 'went', 'last', 'saturday', 'add', 'husband', 'account', 'told', 'service', 'needed', 'done', 'home', 'branch', 'went', 'home', 'branch', 'today', 'asked', 'teller', 'told', 'could', 'done', 'branch', 'branch', 'staff', 'unmotivated', 'would', 'expect', 'better', 'service', 'bank', 'especially', 'scotiabank', 'lie', 'customer', 'avoid', 'task', 'part', 'role', 'unprofessional']","['poor', 'service', 'go', 'last', 'saturday', 'add', 'husband', 'account', 'tell', 'service', 'need', 'do', 'home', 'branch', 'go', 'home', 'branch', 'today', 'ask', 'teller', 'told', 'could', 'do', 'branch', 'branch', 'staff', 'unmotivated', 'would', 'expect', 'good', 'service', 'bank', 'especially', 'scotiabank', 'lie', 'customer', 'avoid', 'task', 'part', 'role', 'unprofessional']"
7,Sergio Marino,3 years ago,bad teller wanted make deposit line credit wanted know balance outstanding remaining scotia visa pin scotia bank card give started asking questions balances cards get answers wanted said verify told driver license said good enough omg joke branch,1,bad teller want make deposit line credit want know balanc outstand remain scotia visa pin scotia bank card give start ask question balanc card get answer want said verifi told driver licens said good enough omg joke branch,"['bad', 'teller', 'wanted', 'make', 'deposit', 'line', 'credit', 'wanted', 'know', 'balance', 'outstanding', 'remaining', 'scotia', 'visa', 'pin', 'scotia', 'bank', 'card', 'give', 'started', 'asking', 'questions', 'balances', 'cards', 'get', 'answers', 'wanted', 'said', 'verify', 'told', 'driver', 'license', 'said', 'good', 'enough', 'omg', 'joke', 'branch']","['bad', 'teller', 'want', 'make', 'deposit', 'line', 'credit', 'want', 'know', 'balance', 'outstanding', 'remain', 'scotia', 'visa', 'pin', 'scotia', 'bank', 'card', 'give', 'start', 'ask', 'question', 'balance', 'card', 'get', 'answer', 'want', 'say', 'verify', 'tell', 'driver', 'license', 'say', 'good', 'enough', 'omg', 'joke', 'branch']"
8,Rosemarie Taylor,3 years ago,amazing financial institution loyal happy scotiabank client banking days scotiabank branch bloor street west beyond high expectations excellent professional service incredible staff immense thanks mr david kim always providing us best financial advice friend manner branch always seems attract select best staff branch members financial advisors thanks dan dillon team rosemarie stephen taylor,5,amaz financi institut loyal happi scotiabank client bank day scotiabank branch bloor street west beyond high expect excel profession servic incred staff immens thank mr david kim alway provid us best financi advic friend manner branch alway seem attract select best staff branch member financi advisor thank dan dillon team rosemari stephen taylor,"['amazing', 'financial', 'institution', 'loyal', 'happy', 'scotiabank', 'client', 'banking', 'days', 'scotiabank', 'branch', 'bloor', 'street', 'west', 'beyond', 'high', 'expectations', 'excellent', 'professional', 'service', 'incredible', 'staff', 'immense', 'thanks', 'mr', 'david', 'kim', 'always', 'providing', 'us', 'best', 'financial', 'advice', 'friend', 'manner', 'branch', 'always', 'seems', 'attract', 'select', 'best', 'staff', 'branch', 'members', 'financial', 'advisors', 'thanks', 'dan', 'dillon', 'team', 'rosemarie', 'stephen', 'taylor']","['amaze', 'financial', 'institution', 'loyal', 'happy', 'scotiabank', 'client', 'banking', 'day', 'scotiabank', 'branch', 'bloor', 'street', 'west', 'beyond', 'high', 'expectation', 'excellent', 'professional', 'service', 'incredible', 'staff', 'immense', 'thanks', 'mr', 'david', 'kim', 'always', 'provide', 'us', 'best', 'financial', 'advice', 'friend', 'manner', 'branch', 'always', 'seem', 'attract', 'select', 'best', 'staff', 'branch', 'member', 'financial', 'advisor', 'thanks', 'dan', 'dillon', 'team', 'rosemarie', 'stephen', 'taylor']"
9,D Ding,4 years ago,branch lot staff think manager manages logistics well tooo slow waiting service reception mind ppl front start queue even mention scotiabank always enough branches close early staff nice poor knowledge,1,branch lot staff think manag manag logist well tooo slow wait servic recept mind ppl front start queue even mention scotiabank alway enough branch close earli staff nice poor knowledg,"['branch', 'lot', 'staff', 'think', 'manager', 'manages', 'logistics', 'well', 'tooo', 'slow', 'waiting', 'service', 'reception', 'mind', 'ppl', 'front', 'start', 'queue', 'even', 'mention', 'scotiabank', 'always', 'enough', 'branches', 'close', 'early', 'staff', 'nice', 'poor', 'knowledge']","['branch', 'lot', 'staff', 'think', 'manager', 'manages', 'logistics', 'well', 'tooo', 'slow', 'wait', 'service', 'reception', 'mind', 'ppl', 'front', 'start', 'queue', 'even', 'mention', 'scotiabank', 'always', 'enough', 'branch', 'close', 'early', 'staff', 'nice', 'poor', 'knowledge']"
10,Sule McGowan,4 years ago,simple task getting change wanted bills tips upcoming event couple gave rest rather getting teller sitting next someone else asked go back line rude manner time line really long basic customer service culture branch,1,simpl task get chang want bill tip upcom event coupl gave rest rather get teller sit next someon els ask go back line rude manner time line realli long basic custom servic cultur branch,"['simple', 'task', 'getting', 'change', 'wanted', 'bills', 'tips', 'upcoming', 'event', 'couple', 'gave', 'rest', 'rather', 'getting', 'teller', 'sitting', 'next', 'someone', 'else', 'asked', 'go', 'back', 'line', 'rude', 'manner', 'time', 'line', 'really', 'long', 'basic', 'customer', 'service', 'culture', 'branch']","['simple', 'task', 'get', 'change', 'want', 'bill', 'tip', 'upcoming', 'event', 'couple', 'give', 'rest', 'rather', 'get', 'teller', 'sit', 'next', 'someone', 'else', 'ask', 'go', 'back', 'line', 'rude', 'manner', 'time', 'line', 'really', 'long', 'basic', 'customer', 'service', 'culture', 'branch']"
12,Boyan Lepoev,2 years ago,already feel pity looking scotiabank products star deceptive targeted marketing followed breaking promise original email dodging calls branch feature particularly helpful people either including manager seems absolutely powerless provide actual customer service response valid complaints happy provide proof whoever cares stay away institution go one banks,1,alreadi feel piti look scotiabank product star decept target market follow break promis origin email dodg call branch featur particularli help peopl either includ manag seem absolut powerless provid actual custom servic respons valid complaint happi provid proof whoever care stay away institut go one bank,"['already', 'feel', 'pity', 'looking', 'scotiabank', 'products', 'star', 'deceptive', 'targeted', 'marketing', 'followed', 'breaking', 'promise', 'original', 'email', 'dodging', 'calls', 'branch', 'feature', 'particularly', 'helpful', 'people', 'either', 'including', 'manager', 'seems', 'absolutely', 'powerless', 'provide', 'actual', 'customer', 'service', 'response', 'valid', 'complaints', 'happy', 'provide', 'proof', 'whoever', 'cares', 'stay', 'away', 'institution', 'go', 'one', 'banks']","['already', 'feel', 'pity', 'look', 'scotiabank', 'product', 'star', 'deceptive', 'target', 'marketing', 'follow', 'break', 'promise', 'original', 'email', 'dodge', 'call', 'branch', 'feature', 'particularly', 'helpful', 'people', 'either', 'include', 'manager', 'seem', 'absolutely', 'powerless', 'provide', 'actual', 'customer', 'service', 'response', 'valid', 'complaint', 'happy', 'provide', 'proof', 'whoever', 'care', 'stay', 'away', 'institution', 'go', 'one', 'bank']"
13,Prasoeur Suon,a year ago,worst first set appointment employee stopped working second employee day appointment rate higher institutions sure branch scotiabank general like business poor service,1,worst first set appoint employe stop work second employe day appoint rate higher institut sure branch scotiabank gener like busi poor servic,"['worst', 'first', 'set', 'appointment', 'employee', 'stopped', 'working', 'second', 'employee', 'day', 'appointment', 'rate', 'higher', 'institutions', 'sure', 'branch', 'scotiabank', 'general', 'like', 'business', 'poor', 'service']","['bad', 'first', 'set', 'appointment', 'employee', 'stop', 'work', 'second', 'employee', 'day', 'appointment', 'rate', 'high', 'institution', 'sure', 'branch', 'scotiabank', 'general', 'like', 'business', 'poor', 'service']"
14,Luke Maynard,2 years ago,edit first moved called toxic branch impossible hours know come new management branch completely renovated transformed top bottom given best extended hours bank branch anywhere toronto least favourite branch space two years completely turned around highly recommended last months let hope keep everything great reviews point used like,5,edit first move call toxic branch imposs hour know come new manag branch complet renov transform top bottom given best extend hour bank branch anywher toronto least favourit branch space two year complet turn around highli recommend last month let hope keep everyth great review point use like,"['edit', 'first', 'moved', 'called', 'toxic', 'branch', 'impossible', 'hours', 'know', 'come', 'new', 'management', 'branch', 'completely', 'renovated', 'transformed', 'top', 'bottom', 'given', 'best', 'extended', 'hours', 'bank', 'branch', 'anywhere', 'toronto', 'least', 'favourite', 'branch', 'space', 'two', 'years', 'completely', 'turned', 'around', 'highly', 'recommended', 'last', 'months', 'let', 'hope', 'keep', 'everything', 'great', 'reviews', 'point', 'used', 'like']","['edit', 'first', 'move', 'call', 'toxic', 'branch', 'impossible', 'hour', 'know', 'come', 'new', 'management', 'branch', 'completely', 'renovate', 'transformed', 'top', 'bottom', 'give', 'best', 'extended', 'hour', 'bank', 'branch', 'anywhere', 'toronto', 'least', 'favourite', 'branch', 'space', 'two', 'year', 'completely', 'turn', 'around', 'highly', 'recommend', 'last', 'month', 'let', 'hope', 'keep', 'everything', 'great', 'review', 'point', 'use', 'like']"
15,M M,4 years ago,terrible service unprofessional told look bank products online teller would ever say customer branch going branch face face interaction know bank products need ask customer look online terrible way resolve inquiry called line go desk ready help fidgeting money tasks would fine wait line teller ready help yet instead called go still working unfinished tasks standing another minutes initial question poorly trained staff perhaps unlucky day visiting scotiabank branch,1,terribl servic unprofession told look bank product onlin teller would ever say custom branch go branch face face interact know bank product need ask custom look onlin terribl way resolv inquiri call line go desk readi help fidget money task would fine wait line teller readi help yet instead call go still work unfinish task stand anoth minut initi question poorli train staff perhap unlucki day visit scotiabank branch,"['terrible', 'service', 'unprofessional', 'told', 'look', 'bank', 'products', 'online', 'teller', 'would', 'ever', 'say', 'customer', 'branch', 'going', 'branch', 'face', 'face', 'interaction', 'know', 'bank', 'products', 'need', 'ask', 'customer', 'look', 'online', 'terrible', 'way', 'resolve', 'inquiry', 'called', 'line', 'go', 'desk', 'ready', 'help', 'fidgeting', 'money', 'tasks', 'would', 'fine', 'wait', 'line', 'teller', 'ready', 'help', 'yet', 'instead', 'called', 'go', 'still', 'working', 'unfinished', 'tasks', 'standing', 'another', 'minutes', 'initial', 'question', 'poorly', 'trained', 'staff', 'perhaps', 'unlucky', 'day', 'visiting', 'scotiabank', 'branch']","['terrible', 'service', 'unprofessional', 'tell', 'look', 'bank', 'product', 'online', 'teller', 'would', 'ever', 'say', 'customer', 'branch', 'go', 'branch', 'face', 'face', 'interaction', 'know', 'bank', 'product', 'need', 'ask', 'customer', 'look', 'online', 'terrible', 'way', 'resolve', 'inquiry', 'call', 'line', 'go', 'desk', 'ready', 'help', 'fidget', 'money', 'task', 'would', 'fine', 'wait', 'line', 'teller', 'ready', 'help', 'yet', 'instead', 'call', 'go', 'still', 'work', 'unfinished', 'task', 'stand', 'another', 'minute', 'initial', 'question', 'poorly', 'trained', 'staff', 'perhaps', 'unlucky', 'day', 'visit', 'scotiabank', 'branch']"
16,Mike B,a year ago,teller told us show minutes close finished transaction employee yelled us ushered us wrong location calling head office report behaviour clients joke,1,teller told us show minut close finish transact employe yell us usher us wrong locat call head offic report behaviour client joke,"['teller', 'told', 'us', 'show', 'minutes', 'close', 'finished', 'transaction', 'employee', 'yelled', 'us', 'ushered', 'us', 'wrong', 'location', 'calling', 'head', 'office', 'report', 'behaviour', 'clients', 'joke']","['teller', 'tell', 'us', 'show', 'minute', 'close', 'finished', 'transaction', 'employee', 'yell', 'us', 'usher', 'us', 'wrong', 'location', 'call', 'head', 'office', 'report', 'behaviour', 'client', 'joke']"
17,V K,4 years ago,inconvenient hours unhelpful inflexible staff credit cards mortgage thru based deplorable customer service received never business going insist visit branch every tiny thing need make hours realistic working professional make bank,1,inconveni hour unhelp inflex staff credit card mortgag thru base deplor custom servic receiv never busi go insist visit branch everi tini thing need make hour realist work profession make bank,"['inconvenient', 'hours', 'unhelpful', 'inflexible', 'staff', 'credit', 'cards', 'mortgage', 'thru', 'based', 'deplorable', 'customer', 'service', 'received', 'never', 'business', 'going', 'insist', 'visit', 'branch', 'every', 'tiny', 'thing', 'need', 'make', 'hours', 'realistic', 'working', 'professional', 'make', 'bank']","['inconvenient', 'hour', 'unhelpful', 'inflexible', 'staff', 'credit', 'card', 'mortgage', 'thru', 'base', 'deplorable', 'customer', 'service', 'receive', 'never', 'business', 'go', 'insist', 'visit', 'branch', 'every', 'tiny', 'thing', 'need', 'make', 'hour', 'realistic', 'work', 'professional', 'make', 'bank']"
18,Naser Deen,3 years ago,bank sharp decline purchased airline ticket usd exchange rate absolutely disgusting done anything special deduct extra checking account another issue called multiple times told resolved issue confirmation number waited couple days see reflection checking account nothing wasted effort time voice mental nothing think people start suing bank nova scotia terrible careless mangers seen country love rip people unnecessarily fees high exchange rates high interest rate yet delivering service greyhound bus company sign deal tell people around avoid institution even scene points declined free movie without explanation get,1,bank sharp declin purchas airlin ticket usd exchang rate absolut disgust done anyth special deduct extra check account anoth issu call multipl time told resolv issu confirm number wait coupl day see reflect check account noth wast effort time voic mental noth think peopl start su bank nova scotia terribl careless manger seen countri love rip peopl unnecessarili fee high exchang rate high interest rate yet deliv servic greyhound bu compani sign deal tell peopl around avoid institut even scene point declin free movi without explan get,"['bank', 'sharp', 'decline', 'purchased', 'airline', 'ticket', 'usd', 'exchange', 'rate', 'absolutely', 'disgusting', 'done', 'anything', 'special', 'deduct', 'extra', 'checking', 'account', 'another', 'issue', 'called', 'multiple', 'times', 'told', 'resolved', 'issue', 'confirmation', 'number', 'waited', 'couple', 'days', 'see', 'reflection', 'checking', 'account', 'nothing', 'wasted', 'effort', 'time', 'voice', 'mental', 'nothing', 'think', 'people', 'start', 'suing', 'bank', 'nova', 'scotia', 'terrible', 'careless', 'mangers', 'seen', 'country', 'love', 'rip', 'people', 'unnecessarily', 'fees', 'high', 'exchange', 'rates', 'high', 'interest', 'rate', 'yet', 'delivering', 'service', 'greyhound', 'bus', 'company', 'sign', 'deal', 'tell', 'people', 'around', 'avoid', 'institution', 'even', 'scene', 'points', 'declined', 'free', 'movie', 'without', 'explanation', 'get']","['bank', 'sharp', 'decline', 'purchase', 'airline', 'ticket', 'usd', 'exchange', 'rate', 'absolutely', 'disgust', 'do', 'anything', 'special', 'deduct', 'extra', 'checking', 'account', 'another', 'issue', 'call', 'multiple', 'time', 'tell', 'resolve', 'issue', 'confirmation', 'number', 'wait', 'couple', 'day', 'see', 'reflection', 'check', 'account', 'nothing', 'waste', 'effort', 'time', 'voice', 'mental', 'nothing', 'think', 'people', 'start', 'sue', 'bank', 'nova', 'scotia', 'terrible', 'careless', 'manger', 'see', 'country', 'love', 'rip', 'people', 'unnecessarily', 'fee', 'high', 'exchange', 'rate', 'high', 'interest', 'rate', 'yet', 'deliver', 'service', 'greyhound', 'bus', 'company', 'sign', 'deal', 'tell', 'people', 'around', 'avoid', 'institution', 'even', 'scene', 'point', 'decline', 'free', 'movie', 'without', 'explanation', 'get']"
19,In√°cia Lopes,3 years ago,happy customer service today specially bank power couple minutes time staff calm kind waited around minutes left bank smile,4,happi custom servic today special bank power coupl minut time staff calm kind wait around minut left bank smile,"['happy', 'customer', 'service', 'today', 'specially', 'bank', 'power', 'couple', 'minutes', 'time', 'staff', 'calm', 'kind', 'waited', 'around', 'minutes', 'left', 'bank', 'smile']","['happy', 'customer', 'service', 'today', 'specially', 'bank', 'power', 'couple', 'minute', 'time', 'staff', 'calm', 'kind', 'wait', 'around', 'minute', 'leave', 'bank', 'smile']"
20,Hollywood 1892,3 years ago,bank deal copious amounts money understand bad reviews customers really shallow bank manager knows take pride excellent service provide customers two financial situations could proved costly bailed excellent bank shame whiners posted negative reviews,5,bank deal copiou amount money understand bad review custom realli shallow bank manag know take pride excel servic provid custom two financi situat could prove costli bail excel bank shame whiner post neg review,"['bank', 'deal', 'copious', 'amounts', 'money', 'understand', 'bad', 'reviews', 'customers', 'really', 'shallow', 'bank', 'manager', 'knows', 'take', 'pride', 'excellent', 'service', 'provide', 'customers', 'two', 'financial', 'situations', 'could', 'proved', 'costly', 'bailed', 'excellent', 'bank', 'shame', 'whiners', 'posted', 'negative', 'reviews']","['bank', 'deal', 'copious', 'amount', 'money', 'understand', 'bad', 'review', 'customer', 'really', 'shallow', 'bank', 'manager', 'know', 'take', 'pride', 'excellent', 'service', 'provide', 'customer', 'two', 'financial', 'situation', 'could', 'prove', 'costly', 'bail', 'excellent', 'bank', 'shame', 'whiner', 'post', 'negative', 'review']"
21,Georgio Galiano (Geo),3 years ago,considering branch entire bloor yonge yorkville area atms usually broken service envelopes short business hours highest rating could give people working nice helpful abscence functional atms fact short staffed unbelievably long line ups short business hours frustrating interesting spoke someone head office trying address issues impression interested serving customers problem appears higher level told people mostly mobile banking nowadays branches atms basically needed could deposit mobile phone go store bay st take money fact business account need deposit cash end day interest,1,consid branch entir bloor yong yorkvil area atm usual broken servic envelop short busi hour highest rate could give peopl work nice help abscenc function atm fact short staf unbeliev long line up short busi hour frustrat interest spoke someon head offic tri address issu impress interest serv custom problem appear higher level told peopl mostli mobil bank nowaday branch atm basic need could deposit mobil phone go store bay st take money fact busi account need deposit cash end day interest,"['considering', 'branch', 'entire', 'bloor', 'yonge', 'yorkville', 'area', 'atms', 'usually', 'broken', 'service', 'envelopes', 'short', 'business', 'hours', 'highest', 'rating', 'could', 'give', 'people', 'working', 'nice', 'helpful', 'abscence', 'functional', 'atms', 'fact', 'short', 'staffed', 'unbelievably', 'long', 'line', 'ups', 'short', 'business', 'hours', 'frustrating', 'interesting', 'spoke', 'someone', 'head', 'office', 'trying', 'address', 'issues', 'impression', 'interested', 'serving', 'customers', 'problem', 'appears', 'higher', 'level', 'told', 'people', 'mostly', 'mobile', 'banking', 'nowadays', 'branches', 'atms', 'basically', 'needed', 'could', 'deposit', 'mobile', 'phone', 'go', 'store', 'bay', 'st', 'take', 'money', 'fact', 'business', 'account', 'need', 'deposit', 'cash', 'end', 'day', 'interest']","['consider', 'branch', 'entire', 'bloor', 'yonge', 'yorkville', 'area', 'atm', 'usually', 'broken', 'service', 'envelop', 'short', 'business', 'hour', 'high', 'rating', 'could', 'give', 'people', 'work', 'nice', 'helpful', 'abscence', 'functional', 'atm', 'fact', 'short', 'staffed', 'unbelievably', 'long', 'line', 'ups', 'short', 'business', 'hour', 'frustrate', 'interest', 'speak', 'someone', 'head', 'office', 'try', 'address', 'issue', 'impression', 'interested', 'serving', 'customer', 'problem', 'appear', 'high', 'level', 'tell', 'people', 'mostly', 'mobile', 'banking', 'nowadays', 'branch', 'atms', 'basically', 'need', 'could', 'deposit', 'mobile', 'phone', 'go', 'store', 'bay', 'st', 'take', 'money', 'fact', 'business', 'account', 'need', 'deposit', 'cash', 'end', 'day', 'interest']"
23,Hemal Parikh,a year ago,horrible telephone service employee pick phone responded clearly understand receiver clearly hear want respond divert another number changed bank sure,1,horribl telephon servic employe pick phone respond clearli understand receiv clearli hear want respond divert anoth number chang bank sure,"['horrible', 'telephone', 'service', 'employee', 'pick', 'phone', 'responded', 'clearly', 'understand', 'receiver', 'clearly', 'hear', 'want', 'respond', 'divert', 'another', 'number', 'changed', 'bank', 'sure']","['horrible', 'telephone', 'service', 'employee', 'pick', 'phone', 'respond', 'clearly', 'understand', 'receiver', 'clearly', 'hear', 'want', 'respond', 'divert', 'another', 'number', 'change', 'bank', 'sure']"
24,Bill Edwards,3 years ago,wow trying get year old sons lost bankcard issued pulled health card instead licence brown lady teller loudly told dollar fine bringing healthcard bank asked write sons name paper asked sons name moron scotiabank branch idiots go flourish,1,wow tri get year old son lost bankcard issu pull health card instead licenc brown ladi teller loudli told dollar fine bring healthcard bank ask write son name paper ask son name moron scotiabank branch idiot go flourish,"['wow', 'trying', 'get', 'year', 'old', 'sons', 'lost', 'bankcard', 'issued', 'pulled', 'health', 'card', 'instead', 'licence', 'brown', 'lady', 'teller', 'loudly', 'told', 'dollar', 'fine', 'bringing', 'healthcard', 'bank', 'asked', 'write', 'sons', 'name', 'paper', 'asked', 'sons', 'name', 'moron', 'scotiabank', 'branch', 'idiots', 'go', 'flourish']","['wow', 'try', 'get', 'year', 'old', 'son', 'lose', 'bankcard', 'issue', 'pulled', 'health', 'card', 'instead', 'licence', 'brown', 'lady', 'teller', 'loudly', 'tell', 'dollar', 'fine', 'bring', 'healthcard', 'bank', 'ask', 'write', 'son', 'name', 'paper', 'ask', 'son', 'name', 'moron', 'scotiabank', 'branch', 'idiot', 'go', 'flourish']"
25,jinyuan cai,5 years ago,scotialbank really terrible bank hell closes pm busy working day wednesday employee bank bloor th location impatient even pm yet everyone wants leave right customer say sorry kept late addition made appointment pm see adviser told us adviser available suggested leave book another time comparison td much better matter operational efficiency attitude toward custoemrs strongly encourage people come branch think banks making decision terrible day scotialbank star sure,1,scotialbank realli terribl bank hell close pm busi work day wednesday employe bank bloor th locat impati even pm yet everyon want leav right custom say sorri kept late addit made appoint pm see advis told us advis avail suggest leav book anoth time comparison td much better matter oper effici attitud toward custoemr strongli encourag peopl come branch think bank make decis terribl day scotialbank star sure,"['scotialbank', 'really', 'terrible', 'bank', 'hell', 'closes', 'pm', 'busy', 'working', 'day', 'wednesday', 'employee', 'bank', 'bloor', 'th', 'location', 'impatient', 'even', 'pm', 'yet', 'everyone', 'wants', 'leave', 'right', 'customer', 'say', 'sorry', 'kept', 'late', 'addition', 'made', 'appointment', 'pm', 'see', 'adviser', 'told', 'us', 'adviser', 'available', 'suggested', 'leave', 'book', 'another', 'time', 'comparison', 'td', 'much', 'better', 'matter', 'operational', 'efficiency', 'attitude', 'toward', 'custoemrs', 'strongly', 'encourage', 'people', 'come', 'branch', 'think', 'banks', 'making', 'decision', 'terrible', 'day', 'scotialbank', 'star', 'sure']","['scotialbank', 'really', 'terrible', 'bank', 'hell', 'close', 'pm', 'busy', 'work', 'day', 'wednesday', 'employee', 'bank', 'bloor', 'th', 'location', 'impatient', 'even', 'pm', 'yet', 'everyone', 'want', 'leave', 'right', 'customer', 'say', 'sorry', 'keep', 'late', 'addition', 'make', 'appointment', 'pm', 'see', 'adviser', 'tell', 'us', 'adviser', 'available', 'suggest', 'leave', 'book', 'another', 'time', 'comparison', 'td', 'much', 'well', 'matter', 'operational', 'efficiency', 'attitude', 'toward', 'custoemrs', 'strongly', 'encourage', 'people', 'come', 'branch', 'think', 'bank', 'make', 'decision', 'terrible', 'day', 'scotialbank', 'star', 'sure']"
26,Jose Ceron,3 years ago,went confirm student enrollment student account get back bank charges student account done another scotiabank told go another branch branch understand rude customer service,1,went confirm student enrol student account get back bank charg student account done anoth scotiabank told go anoth branch branch understand rude custom servic,"['went', 'confirm', 'student', 'enrollment', 'student', 'account', 'get', 'back', 'bank', 'charges', 'student', 'account', 'done', 'another', 'scotiabank', 'told', 'go', 'another', 'branch', 'branch', 'understand', 'rude', 'customer', 'service']","['go', 'confirm', 'student', 'enrollment', 'student', 'account', 'get', 'back', 'bank', 'charge', 'student', 'account', 'do', 'another', 'scotiabank', 'tell', 'go', 'another', 'branch', 'branch', 'understand', 'rude', 'customer', 'service']"
27,Kameron -,7 years ago,absolute fail x unacommodating barely competitive much less unfriendly approachable mostly home branch told scotia need get branches aligned telephone services understanding products disappointing certainly renewing mortgage,1,absolut fail x unacommod bare competit much less unfriendli approach mostli home branch told scotia need get branch align telephon servic understand product disappoint certainli renew mortgag,"['absolute', 'fail', 'x', 'unacommodating', 'barely', 'competitive', 'much', 'less', 'unfriendly', 'approachable', 'mostly', 'home', 'branch', 'told', 'scotia', 'need', 'get', 'branches', 'aligned', 'telephone', 'services', 'understanding', 'products', 'disappointing', 'certainly', 'renewing', 'mortgage']","['absolute', 'fail', 'x', 'unacommodating', 'barely', 'competitive', 'much', 'less', 'unfriendly', 'approachable', 'mostly', 'home', 'branch', 'tell', 'scotia', 'need', 'get', 'branch', 'align', 'telephone', 'service', 'understanding', 'product', 'disappoint', 'certainly', 'renew', 'mortgage']"
28,RoadRunner - 855,3 years ago,never issue lost id still helped replace debit card took answer security questions end treated good got wanted,5,never issu lost id still help replac debit card took answer secur question end treat good got want,"['never', 'issue', 'lost', 'id', 'still', 'helped', 'replace', 'debit', 'card', 'took', 'answer', 'security', 'questions', 'end', 'treated', 'good', 'got', 'wanted']","['never', 'issue', 'lose', 'id', 'still', 'help', 'replace', 'debit', 'card', 'take', 'answer', 'security', 'question', 'end', 'treat', 'good', 'got', 'want']"
29,Indranil Dutta,3 years ago,worst service ever experienced brown lady front desk knows nothing went open account said visit adviser multiple documents already opened account online mail clearly states one like pr driver license fine never going back,1,worst servic ever experienc brown ladi front desk know noth went open account said visit advis multipl document alreadi open account onlin mail clearli state one like pr driver licens fine never go back,"['worst', 'service', 'ever', 'experienced', 'brown', 'lady', 'front', 'desk', 'knows', 'nothing', 'went', 'open', 'account', 'said', 'visit', 'adviser', 'multiple', 'documents', 'already', 'opened', 'account', 'online', 'mail', 'clearly', 'states', 'one', 'like', 'pr', 'driver', 'license', 'fine', 'never', 'going', 'back']","['bad', 'service', 'ever', 'experience', 'brown', 'lady', 'front', 'desk', 'know', 'nothing', 'go', 'open', 'account', 'say', 'visit', 'adviser', 'multiple', 'document', 'already', 'open', 'account', 'online', 'mail', 'clearly', 'state', 'one', 'like', 'pr', 'driver', 'license', 'fine', 'never', 'go', 'back']"
30,Miss Miminis,5 years ago,many stories fit one review tellers sooooo stupid boarder line retarded men fine lady tellers count read even banking laundry list personal experiences could tell,1,mani stori fit one review teller sooooo stupid boarder line retard men fine ladi teller count read even bank laundri list person experi could tell,"['many', 'stories', 'fit', 'one', 'review', 'tellers', 'sooooo', 'stupid', 'boarder', 'line', 'retarded', 'men', 'fine', 'lady', 'tellers', 'count', 'read', 'even', 'banking', 'laundry', 'list', 'personal', 'experiences', 'could', 'tell']","['many', 'story', 'fit', 'one', 'review', 'teller', 'sooooo', 'stupid', 'boarder', 'line', 'retard', 'men', 'fine', 'lady', 'teller', 'count', 'read', 'even', 'bank', 'laundry', 'list', 'personal', 'experience', 'could', 'tell']"
31,Krunal Pandit,4 years ago,branch convenient location offers quick efficient service branch manager accommodative new customers even meeting scheduled specific service always want go branch employees humble efficient time,5,branch conveni locat offer quick effici servic branch manag accommod new custom even meet schedul specif servic alway want go branch employe humbl effici time,"['branch', 'convenient', 'location', 'offers', 'quick', 'efficient', 'service', 'branch', 'manager', 'accommodative', 'new', 'customers', 'even', 'meeting', 'scheduled', 'specific', 'service', 'always', 'want', 'go', 'branch', 'employees', 'humble', 'efficient', 'time']","['branch', 'convenient', 'location', 'offer', 'quick', 'efficient', 'service', 'branch', 'manager', 'accommodative', 'new', 'customer', 'even', 'meet', 'schedule', 'specific', 'service', 'always', 'want', 'go', 'branch', 'employee', 'humble', 'efficient', 'time']"
32,Stive Scotish,5 years ago,complaint staff told manager best solve problem gave bad one star clerk female unable give two stars although manager conduct really five star,2,complaint staff told manag best solv problem gave bad one star clerk femal unabl give two star although manag conduct realli five star,"['complaint', 'staff', 'told', 'manager', 'best', 'solve', 'problem', 'gave', 'bad', 'one', 'star', 'clerk', 'female', 'unable', 'give', 'two', 'stars', 'although', 'manager', 'conduct', 'really', 'five', 'star']","['complaint', 'staff', 'tell', 'manager', 'best', 'solve', 'problem', 'give', 'bad', 'one', 'star', 'clerk', 'female', 'unable', 'give', 'two', 'star', 'although', 'manager', 'conduct', 'really', 'five', 'star']"
34,Hann Ben,6 years ago,guest japanese young student came branch april deposited without envelope money never reached account envelop contacted branch many times supervisor olga took information said act june sept never solved disappointing tourist needs compensated contact branch manager next step extremely poor handling bank gave japanese visitor bad experience cant speak proper english helped thus far bank help solve error made also gave lot stress financial loss emotional stress bad reputation etc bad branch,1,guest japanes young student came branch april deposit without envelop money never reach account envelop contact branch mani time supervisor olga took inform said act june sept never solv disappoint tourist need compens contact branch manag next step extrem poor handl bank gave japanes visitor bad experi cant speak proper english help thu far bank help solv error made also gave lot stress financi loss emot stress bad reput etc bad branch,"['guest', 'japanese', 'young', 'student', 'came', 'branch', 'april', 'deposited', 'without', 'envelope', 'money', 'never', 'reached', 'account', 'envelop', 'contacted', 'branch', 'many', 'times', 'supervisor', 'olga', 'took', 'information', 'said', 'act', 'june', 'sept', 'never', 'solved', 'disappointing', 'tourist', 'needs', 'compensated', 'contact', 'branch', 'manager', 'next', 'step', 'extremely', 'poor', 'handling', 'bank', 'gave', 'japanese', 'visitor', 'bad', 'experience', 'cant', 'speak', 'proper', 'english', 'helped', 'thus', 'far', 'bank', 'help', 'solve', 'error', 'made', 'also', 'gave', 'lot', 'stress', 'financial', 'loss', 'emotional', 'stress', 'bad', 'reputation', 'etc', 'bad', 'branch']","['guest', 'japanese', 'young', 'student', 'come', 'branch', 'april', 'deposit', 'without', 'envelope', 'money', 'never', 'reach', 'account', 'envelop', 'contact', 'branch', 'many', 'time', 'supervisor', 'olga', 'take', 'information', 'say', 'act', 'june', 'sept', 'never', 'solve', 'disappointing', 'tourist', 'need', 'compensate', 'contact', 'branch', 'manager', 'next', 'step', 'extremely', 'poor', 'handle', 'bank', 'give', 'japanese', 'visitor', 'bad', 'experience', 'cant', 'speak', 'proper', 'english', 'help', 'thus', 'far', 'bank', 'help', 'solve', 'error', 'make', 'also', 'give', 'lot', 'stress', 'financial', 'loss', 'emotional', 'stress', 'bad', 'reputation', 'etc', 'bad', 'branch']"
35,Lisa Jackson,a year ago,worst banking experience ever went thursday morning cash clearly stated overdrawn pay electric bill lady put money account resorted people around one computer waited one hr half try fix problem leave tell come back time came back electric cut mistake cost reconnection fee bank always go certified nightmare experience would definitely try pre warn anywhere goto another bank,1,worst bank experi ever went thursday morn cash clearli state overdrawn pay electr bill ladi put money account resort peopl around one comput wait one hr half tri fix problem leav tell come back time came back electr cut mistak cost reconnect fee bank alway go certifi nightmar experi would definit tri pre warn anywher goto anoth bank,"['worst', 'banking', 'experience', 'ever', 'went', 'thursday', 'morning', 'cash', 'clearly', 'stated', 'overdrawn', 'pay', 'electric', 'bill', 'lady', 'put', 'money', 'account', 'resorted', 'people', 'around', 'one', 'computer', 'waited', 'one', 'hr', 'half', 'try', 'fix', 'problem', 'leave', 'tell', 'come', 'back', 'time', 'came', 'back', 'electric', 'cut', 'mistake', 'cost', 'reconnection', 'fee', 'bank', 'always', 'go', 'certified', 'nightmare', 'experience', 'would', 'definitely', 'try', 'pre', 'warn', 'anywhere', 'goto', 'another', 'bank']","['worst', 'banking', 'experience', 'ever', 'go', 'thursday', 'morning', 'cash', 'clearly', 'state', 'overdrawn', 'pay', 'electric', 'bill', 'lady', 'put', 'money', 'account', 'resort', 'people', 'around', 'one', 'computer', 'wait', 'one', 'hr', 'half', 'try', 'fix', 'problem', 'leave', 'tell', 'come', 'back', 'time', 'come', 'back', 'electric', 'cut', 'mistake', 'cost', 'reconnection', 'fee', 'bank', 'always', 'go', 'certified', 'nightmare', 'experience', 'would', 'definitely', 'try', 'pre', 'warn', 'anywhere', 'goto', 'another', 'bank']"
36,H,4 years ago,hate scotiabank waiting weeks payment reversal international phone people said would completed one week everything moves slower scotiabank compared rbc moving everything bank nova scotia rbc near future help people branches miserable make effort assist,1,hate scotiabank wait week payment revers intern phone peopl said would complet one week everyth move slower scotiabank compar rbc move everyth bank nova scotia rbc near futur help peopl branch miser make effort assist,"['hate', 'scotiabank', 'waiting', 'weeks', 'payment', 'reversal', 'international', 'phone', 'people', 'said', 'would', 'completed', 'one', 'week', 'everything', 'moves', 'slower', 'scotiabank', 'compared', 'rbc', 'moving', 'everything', 'bank', 'nova', 'scotia', 'rbc', 'near', 'future', 'help', 'people', 'branches', 'miserable', 'make', 'effort', 'assist']","['hate', 'scotiabank', 'wait', 'week', 'payment', 'reversal', 'international', 'phone', 'people', 'say', 'would', 'complete', 'one', 'week', 'everything', 'move', 'slow', 'scotiabank', 'compare', 'rbc', 'move', 'everything', 'bank', 'nova', 'scotia', 'rbc', 'near', 'future', 'help', 'people', 'branch', 'miserable', 'make', 'effort', 'assist']"
37,Liam Wilkinson,5 years ago,expect long lines peak hours ill informed staff branch seems unique uneducated intransigence staff might account seemingly high turnover among tellers poor excuse given experience extremely straightforward requests,1,expect long line peak hour ill inform staff branch seem uniqu uneduc intransig staff might account seemingli high turnov among teller poor excus given experi extrem straightforward request,"['expect', 'long', 'lines', 'peak', 'hours', 'ill', 'informed', 'staff', 'branch', 'seems', 'unique', 'uneducated', 'intransigence', 'staff', 'might', 'account', 'seemingly', 'high', 'turnover', 'among', 'tellers', 'poor', 'excuse', 'given', 'experience', 'extremely', 'straightforward', 'requests']","['expect', 'long', 'line', 'peak', 'hour', 'ill', 'informed', 'staff', 'branch', 'seem', 'unique', 'uneducated', 'intransigence', 'staff', 'might', 'account', 'seemingly', 'high', 'turnover', 'among', 'teller', 'poor', 'excuse', 'give', 'experience', 'extremely', 'straightforward', 'request']"
38,Das Dastan,3 years ago,advice see star rating go learned hard way moment walked time left bank almost hours one inconvenient answer shocked day see businesses like running country wait time front desk area real feel temperature celsius outside every minute door opened like torture,1,advic see star rate go learn hard way moment walk time left bank almost hour one inconveni answer shock day see busi like run countri wait time front desk area real feel temperatur celsiu outsid everi minut door open like tortur,"['advice', 'see', 'star', 'rating', 'go', 'learned', 'hard', 'way', 'moment', 'walked', 'time', 'left', 'bank', 'almost', 'hours', 'one', 'inconvenient', 'answer', 'shocked', 'day', 'see', 'businesses', 'like', 'running', 'country', 'wait', 'time', 'front', 'desk', 'area', 'real', 'feel', 'temperature', 'celsius', 'outside', 'every', 'minute', 'door', 'opened', 'like', 'torture']","['advice', 'see', 'star', 'rating', 'go', 'learn', 'hard', 'way', 'moment', 'walk', 'time', 'leave', 'bank', 'almost', 'hour', 'one', 'inconvenient', 'answer', 'shock', 'day', 'see', 'business', 'like', 'run', 'country', 'wait', 'time', 'front', 'desk', 'area', 'real', 'feel', 'temperature', 'celsius', 'outside', 'every', 'minute', 'door', 'open', 'like', 'torture']"
39,matt yang,3 years ago,went branches advisor sure lazing around listened reviews stop business bmo mind take money go td,1,went branch advisor sure laze around listen review stop busi bmo mind take money go td,"['went', 'branches', 'advisor', 'sure', 'lazing', 'around', 'listened', 'reviews', 'stop', 'business', 'bmo', 'mind', 'take', 'money', 'go', 'td']","['go', 'branch', 'advisor', 'sure', 'laze', 'around', 'listen', 'review', 'stop', 'business', 'bmo', 'mind', 'take', 'money', 'go', 'td']"
40,Sagar Rajgor,7 months ago,useless teller pathetic service branch feel like close accounts credit scotiabank,1,useless teller pathet servic branch feel like close account credit scotiabank,"['useless', 'teller', 'pathetic', 'service', 'branch', 'feel', 'like', 'close', 'accounts', 'credit', 'scotiabank']","['useless', 'teller', 'pathetic', 'service', 'branch', 'feel', 'like', 'close', 'account', 'credit', 'scotiabank']"
41,Kihuahua,a month ago,horrible service manager refused help request,1,horribl servic manag refus help request,"['horrible', 'service', 'manager', 'refused', 'help', 'request']","['horrible', 'service', 'manager', 'refuse', 'help', 'request']"
42,Michael Zavarella,4 years ago,customer years offer great service great products always safe secure sponsor many wonderful things city country really switch bank even though may closer top realtor yorkville need company trust company,5,custom year offer great servic great product alway safe secur sponsor mani wonder thing citi countri realli switch bank even though may closer top realtor yorkvil need compani trust compani,"['customer', 'years', 'offer', 'great', 'service', 'great', 'products', 'always', 'safe', 'secure', 'sponsor', 'many', 'wonderful', 'things', 'city', 'country', 'really', 'switch', 'bank', 'even', 'though', 'may', 'closer', 'top', 'realtor', 'yorkville', 'need', 'company', 'trust', 'company']","['customer', 'year', 'offer', 'great', 'service', 'great', 'product', 'always', 'safe', 'secure', 'sponsor', 'many', 'wonderful', 'thing', 'city', 'country', 'really', 'switch', 'bank', 'even', 'though', 'may', 'closer', 'top', 'realtor', 'yorkville', 'need', 'company', 'trust', 'company']"
43,A J,10 months ago,unprofessional staff covid excuse employee feels accountable service provide,1,unprofession staff covid excus employe feel account servic provid,"['unprofessional', 'staff', 'covid', 'excuse', 'employee', 'feels', 'accountable', 'service', 'provide']","['unprofessional', 'staff', 'covid', 'excuse', 'employee', 'feel', 'accountable', 'service', 'provide']"
45,Lin Yen Chin,2 years ago,elder tellers perceptive patient assist best ofnthe younger ones got similar ability,5,elder teller percept patient assist best ofnth younger one got similar abil,"['elder', 'tellers', 'perceptive', 'patient', 'assist', 'best', 'ofnthe', 'younger', 'ones', 'got', 'similar', 'ability']","['elder', 'teller', 'perceptive', 'patient', 'assist', 'best', 'ofnthe', 'young', 'one', 'get', 'similar', 'ability']"
46,A L,2 years ago,extremely poor customer service unprofessional took mins get paperwork took less mins td rbc across street,1,extrem poor custom servic unprofession took min get paperwork took less min td rbc across street,"['extremely', 'poor', 'customer', 'service', 'unprofessional', 'took', 'mins', 'get', 'paperwork', 'took', 'less', 'mins', 'td', 'rbc', 'across', 'street']","['extremely', 'poor', 'customer', 'service', 'unprofessional', 'take', 'min', 'get', 'paperwork', 'take', 'less', 'min', 'td', 'rbc', 'across', 'street']"
47,Ramjee S,2 years ago,slowest bank employees need know lot people come quick banking work place need head back work really super slow competition,1,slowest bank employe need know lot peopl come quick bank work place need head back work realli super slow competit,"['slowest', 'bank', 'employees', 'need', 'know', 'lot', 'people', 'come', 'quick', 'banking', 'work', 'place', 'need', 'head', 'back', 'work', 'really', 'super', 'slow', 'competition']","['slow', 'bank', 'employee', 'need', 'know', 'lot', 'people', 'come', 'quick', 'banking', 'work', 'place', 'need', 'head', 'back', 'work', 'really', 'super', 'slow', 'competition']"
48,Medha Sharma,4 years ago,employees particular branch take customers seriously went branch update account information month back however still updated charged bank didnt necessary update,1,employe particular branch take custom serious went branch updat account inform month back howev still updat charg bank didnt necessari updat,"['employees', 'particular', 'branch', 'take', 'customers', 'seriously', 'went', 'branch', 'update', 'account', 'information', 'month', 'back', 'however', 'still', 'updated', 'charged', 'bank', 'didnt', 'necessary', 'update']","['employee', 'particular', 'branch', 'take', 'customer', 'seriously', 'go', 'branch', 'update', 'account', 'information', 'month', 'back', 'however', 'still', 'update', 'charge', 'bank', 'didnt', 'necessary', 'update']"
49,Jonathan Pratt,a year ago,went reversed nsf charge said worst bank canada bank,1,went revers nsf charg said worst bank canada bank,"['went', 'reversed', 'nsf', 'charge', 'said', 'worst', 'bank', 'canada', 'bank']","['go', 'reversed', 'nsf', 'charge', 'say', 'bad', 'bank', 'canada', 'bank']"
50,Ann A,3 years ago,st visit financial advisor met well trained nd visit visited branch location open pm arrived pm financial advisor branch,1,st visit financi advisor met well train nd visit visit branch locat open pm arriv pm financi advisor branch,"['st', 'visit', 'financial', 'advisor', 'met', 'well', 'trained', 'nd', 'visit', 'visited', 'branch', 'location', 'open', 'pm', 'arrived', 'pm', 'financial', 'advisor', 'branch']","['st', 'visit', 'financial', 'advisor', 'meet', 'well', 'train', 'nd', 'visit', 'visit', 'branch', 'location', 'open', 'pm', 'arrive', 'pm', 'financial', 'advisor', 'branch']"
51,W H,3 years ago,came use abm sunday closed pm abm machines work left many others distressed upset impressed,1,came use abm sunday close pm abm machin work left mani other distress upset impress,"['came', 'use', 'abm', 'sunday', 'closed', 'pm', 'abm', 'machines', 'work', 'left', 'many', 'others', 'distressed', 'upset', 'impressed']","['come', 'use', 'abm', 'sunday', 'close', 'pm', 'abm', 'machine', 'work', 'left', 'many', 'others', 'distress', 'upset', 'impress']"
52,Dina d,2 years ago,terrible terrible terrible wish bank exists probably worst bank canada open business bank account,1,terribl terribl terribl wish bank exist probabl worst bank canada open busi bank account,"['terrible', 'terrible', 'terrible', 'wish', 'bank', 'exists', 'probably', 'worst', 'bank', 'canada', 'open', 'business', 'bank', 'account']","['terrible', 'terrible', 'terrible', 'wish', 'bank', 'exist', 'probably', 'bad', 'bank', 'canada', 'open', 'business', 'bank', 'account']"
53,Grey Byun,5 years ago,today got full support bank nothing desired today finally happy scotiabank,5,today got full support bank noth desir today final happi scotiabank,"['today', 'got', 'full', 'support', 'bank', 'nothing', 'desired', 'today', 'finally', 'happy', 'scotiabank']","['today', 'get', 'full', 'support', 'bank', 'nothing', 'desire', 'today', 'finally', 'happy', 'scotiabank']"
54,Amir ‚ÄúOveis‚Äù Honarmand,3 years ago,teller kelly kept intrupting give irrelevant advice frustrating someone pretending help without listening see,1,teller kelli kept intrupt give irrelev advic frustrat someon pretend help without listen see,"['teller', 'kelly', 'kept', 'intrupting', 'give', 'irrelevant', 'advice', 'frustrating', 'someone', 'pretending', 'help', 'without', 'listening', 'see']","['teller', 'kelly', 'keep', 'intrupting', 'give', 'irrelevant', 'advice', 'frustrate', 'someone', 'pretend', 'help', 'without', 'listen', 'see']"
56,Sam Sapson,2 years ago,worst customer service jestina older brown lady needs get fired lesson respect customer service wont back,1,worst custom servic jestina older brown ladi need get fire lesson respect custom servic wont back,"['worst', 'customer', 'service', 'jestina', 'older', 'brown', 'lady', 'needs', 'get', 'fired', 'lesson', 'respect', 'customer', 'service', 'wont', 'back']","['worst', 'customer', 'service', 'jestina', 'old', 'brown', 'lady', 'need', 'get', 'fire', 'lesson', 'respect', 'customer', 'service', 'wont', 'back']"
57,Dallas Pokornik,3 years ago,hours sorta suck major bank middle downtown toronto let alone th largest city north america,2,hour sorta suck major bank middl downtown toronto let alon th largest citi north america,"['hours', 'sorta', 'suck', 'major', 'bank', 'middle', 'downtown', 'toronto', 'let', 'alone', 'th', 'largest', 'city', 'north', 'america']","['hour', 'sorta', 'suck', 'major', 'bank', 'middle', 'downtown', 'toronto', 'let', 'alone', 'th', 'large', 'city', 'north', 'america']"
58,Justin Park,a year ago,worst customer service ever know many people feel like,1,worst custom servic ever know mani peopl feel like,"['worst', 'customer', 'service', 'ever', 'know', 'many', 'people', 'feel', 'like']","['worst', 'customer', 'service', 'ever', 'know', 'many', 'people', 'feel', 'like']"
59,LIFENG CAO,4 years ago,customer service bad wanna open account ask wait pm hours waiting time,1,custom servic bad wanna open account ask wait pm hour wait time,"['customer', 'service', 'bad', 'wanna', 'open', 'account', 'ask', 'wait', 'pm', 'hours', 'waiting', 'time']","['customer', 'service', 'bad', 'wanna', 'open', 'account', 'ask', 'wait', 'pm', 'hour', 'wait', 'time']"
60,Cuong Tran,a year ago,dont bother going clerks condescending incompetent,1,dont bother go clerk condescend incompet,"['dont', 'bother', 'going', 'clerks', 'condescending', 'incompetent']","['dont', 'bother', 'go', 'clerk', 'condescend', 'incompetent']"
61,Colin Fisher,5 years ago,scotia garbage bank worst customer service raging incompetence,1,scotia garbag bank worst custom servic rage incompet,"['scotia', 'garbage', 'bank', 'worst', 'customer', 'service', 'raging', 'incompetence']","['scotia', 'garbage', 'bank', 'bad', 'customer', 'service', 'rag', 'incompetence']"
62,Aiden Carnegie,10 months ago,choose another bank go,1,choos anoth bank go,"['choose', 'another', 'bank', 'go']","['choose', 'another', 'bank', 'go']"
63,Mattison Chinneck,6 years ago,transferring money wrong account months lines always long stay away,1,transfer money wrong account month line alway long stay away,"['transferring', 'money', 'wrong', 'account', 'months', 'lines', 'always', 'long', 'stay', 'away']","['transfer', 'money', 'wrong', 'account', 'month', 'line', 'always', 'long', 'stay', 'away']"
64,Yolly Guan,10 months ago,staff extremely rude never coming back,1,staff extrem rude never come back,"['staff', 'extremely', 'rude', 'never', 'coming', 'back']","['staff', 'extremely', 'rude', 'never', 'come', 'back']"
65,norm wright,3 years ago,friendly accommodating staff always pleasure visit location,5,friendli accommod staff alway pleasur visit locat,"['friendly', 'accommodating', 'staff', 'always', 'pleasure', 'visit', 'location']","['friendly', 'accommodate', 'staff', 'always', 'pleasure', 'visit', 'location']"
67,Cam Aziz,3 years ago,opens closes must unionized hours,2,open close must union hour,"['opens', 'closes', 'must', 'unionized', 'hours']","['opens', 'close', 'must', 'unionize', 'hour']"
68,Bindhya Sandeep,a year ago,bad rude customer service,1,bad rude custom servic,"['bad', 'rude', 'customer', 'service']","['bad', 'rude', 'customer', 'service']"
69,Nikola Simokovic,3 years ago,incredibly incompetent staff start finish,1,incred incompet staff start finish,"['incredibly', 'incompetent', 'staff', 'start', 'finish']","['incredibly', 'incompetent', 'staff', 'start', 'finish']"
70,Derek Sutton,3 years ago,impressive branch helpful staff,5,impress branch help staff,"['impressive', 'branch', 'helpful', 'staff']","['impressive', 'branch', 'helpful', 'staff']"
71,Harper T-W,3 years ago,would give stars possible,1,would give star possibl,"['would', 'give', 'stars', 'possible']","['would', 'give', 'star', 'possible']"
72,Robert Paterson,5 years ago,always slow close early,3,alway slow close earli,"['always', 'slow', 'close', 'early']","['always', 'slow', 'close', 'early']"
73,Neil O'Keeffe,6 years ago,new levels incompetence avoid costs,1,new level incompet avoid cost,"['new', 'levels', 'incompetence', 'avoid', 'costs']","['new', 'level', 'incompetence', 'avoid', 'cost']"
74,Tiffanie Rolo,5 years ago,worst service refused help,1,worst servic refus help,"['worst', 'service', 'refused', 'help']","['bad', 'service', 'refuse', 'help']"
75,E Emily Pyfrom,5 years ago,worst branch ever,1,worst branch ever,"['worst', 'branch', 'ever']","['bad', 'branch', 'ever']"
76,Alexey Vasilenko,a year ago,staff rude,1,staff rude,"['staff', 'rude']","['staff', 'rude']"
78,Daniel Frohlich,5 months ago,mom dealt manager gave mother great service needed help resolved minutes,5,mom dealt manag gave mother great servic need help resolv minut,"['mom', 'dealt', 'manager', 'gave', 'mother', 'great', 'service', 'needed', 'help', 'resolved', 'minutes']","['mom', 'dealt', 'manager', 'give', 'mother', 'great', 'service', 'need', 'help', 'resolve', 'minute']"
79,Hannah Banana,a year ago,unfortunately writing review older lady wears wig rest staff unhelpful condescending dismissive body language lacks huge amount professionalism talks high breathy innocent sounding voice disguise rudeness would recommend one else rest employees kind helpful location open later helpful us work banking hours,2,unfortun write review older ladi wear wig rest staff unhelp condescend dismiss bodi languag lack huge amount profession talk high breathi innoc sound voic disguis rude would recommend one els rest employe kind help locat open later help us work bank hour,"['unfortunately', 'writing', 'review', 'older', 'lady', 'wears', 'wig', 'rest', 'staff', 'unhelpful', 'condescending', 'dismissive', 'body', 'language', 'lacks', 'huge', 'amount', 'professionalism', 'talks', 'high', 'breathy', 'innocent', 'sounding', 'voice', 'disguise', 'rudeness', 'would', 'recommend', 'one', 'else', 'rest', 'employees', 'kind', 'helpful', 'location', 'open', 'later', 'helpful', 'us', 'work', 'banking', 'hours']","['unfortunately', 'write', 'review', 'old', 'lady', 'wear', 'wig', 'rest', 'staff', 'unhelpful', 'condescend', 'dismissive', 'body', 'language', 'lack', 'huge', 'amount', 'professionalism', 'talk', 'high', 'breathy', 'innocent', 'sound', 'voice', 'disguise', 'rudeness', 'would', 'recommend', 'one', 'else', 'rest', 'employee', 'kind', 'helpful', 'location', 'open', 'later', 'helpful', 'us', 'work', 'banking', 'hour']"
80,Mabrook Muhammad,7 months ago,best client care location scotia bank representative tanjoy bajwa bank accounts looking tanjyot also provided free consultation really help business guys go location ask tanjoy regret experience,5,best client care locat scotia bank repres tanjoy bajwa bank account look tanjyot also provid free consult realli help busi guy go locat ask tanjoy regret experi,"['best', 'client', 'care', 'location', 'scotia', 'bank', 'representative', 'tanjoy', 'bajwa', 'bank', 'accounts', 'looking', 'tanjyot', 'also', 'provided', 'free', 'consultation', 'really', 'help', 'business', 'guys', 'go', 'location', 'ask', 'tanjoy', 'regret', 'experience']","['best', 'client', 'care', 'location', 'scotia', 'bank', 'representative', 'tanjoy', 'bajwa', 'bank', 'account', 'look', 'tanjyot', 'also', 'provide', 'free', 'consultation', 'really', 'help', 'business', 'guy', 'go', 'location', 'ask', 'tanjoy', 'regret', 'experience']"
81,Pablo Mart√≠nez,a year ago,understand people reviews wish would seen earlier horrible customer service rude unprofessional opened bank account placing great savings direct debit get advertised web fake publicity person opened account samia even reply e mails hope canada take european example start closing banks move online get nothing rude unprofessional workers impossible reach anybody help even head office closing account,1,understand peopl review wish would seen earlier horribl custom servic rude unprofession open bank account place great save direct debit get advertis web fake public person open account samia even repli e mail hope canada take european exampl start close bank move onlin get noth rude unprofession worker imposs reach anybodi help even head offic close account,"['understand', 'people', 'reviews', 'wish', 'would', 'seen', 'earlier', 'horrible', 'customer', 'service', 'rude', 'unprofessional', 'opened', 'bank', 'account', 'placing', 'great', 'savings', 'direct', 'debit', 'get', 'advertised', 'web', 'fake', 'publicity', 'person', 'opened', 'account', 'samia', 'even', 'reply', 'e', 'mails', 'hope', 'canada', 'take', 'european', 'example', 'start', 'closing', 'banks', 'move', 'online', 'get', 'nothing', 'rude', 'unprofessional', 'workers', 'impossible', 'reach', 'anybody', 'help', 'even', 'head', 'office', 'closing', 'account']","['understand', 'people', 'review', 'wish', 'would', 'see', 'earlier', 'horrible', 'customer', 'service', 'rude', 'unprofessional', 'open', 'bank', 'account', 'place', 'great', 'saving', 'direct', 'debit', 'get', 'advertise', 'web', 'fake', 'publicity', 'person', 'open', 'account', 'samia', 'even', 'reply', 'e', 'mail', 'hope', 'canada', 'take', 'european', 'example', 'start', 'close', 'bank', 'move', 'online', 'get', 'nothing', 'rude', 'unprofessional', 'worker', 'impossible', 'reach', 'anybody', 'help', 'even', 'head', 'office', 'closing', 'account']"
82,Sveta Min,a year ago,scotiabank used provide excellent services recently customers give one star review website mention bad customer service especially phone indeed every time call long wait call center branch today incompetent agent finally answered phone branch broke rules helpful way repeatedly lied embarrassment scotiabank brought tears shall avoid phone contact branch,2,scotiabank use provid excel servic recent custom give one star review websit mention bad custom servic especi phone inde everi time call long wait call center branch today incompet agent final answer phone branch broke rule help way repeatedli lie embarrass scotiabank brought tear shall avoid phone contact branch,"['scotiabank', 'used', 'provide', 'excellent', 'services', 'recently', 'customers', 'give', 'one', 'star', 'review', 'website', 'mention', 'bad', 'customer', 'service', 'especially', 'phone', 'indeed', 'every', 'time', 'call', 'long', 'wait', 'call', 'center', 'branch', 'today', 'incompetent', 'agent', 'finally', 'answered', 'phone', 'branch', 'broke', 'rules', 'helpful', 'way', 'repeatedly', 'lied', 'embarrassment', 'scotiabank', 'brought', 'tears', 'shall', 'avoid', 'phone', 'contact', 'branch']","['scotiabank', 'use', 'provide', 'excellent', 'service', 'recently', 'customer', 'give', 'one', 'star', 'review', 'website', 'mention', 'bad', 'customer', 'service', 'especially', 'phone', 'indeed', 'every', 'time', 'call', 'long', 'wait', 'call', 'center', 'branch', 'today', 'incompetent', 'agent', 'finally', 'answer', 'phone', 'branch', 'break', 'rule', 'helpful', 'way', 'repeatedly', 'lie', 'embarrassment', 'scotiabank', 'bring', 'tear', 'shall', 'avoid', 'phone', 'contact', 'branch']"
83,Angela Oommen,a year ago,far worst banking experience life assisted jestine probably rudest person ever come across condescending get job done either literally teared leaving bank needless say never going back go please make sure assisted someone else,1,far worst bank experi life assist jestin probabl rudest person ever come across condescend get job done either liter tear leav bank needless say never go back go pleas make sure assist someon els,"['far', 'worst', 'banking', 'experience', 'life', 'assisted', 'jestine', 'probably', 'rudest', 'person', 'ever', 'come', 'across', 'condescending', 'get', 'job', 'done', 'either', 'literally', 'teared', 'leaving', 'bank', 'needless', 'say', 'never', 'going', 'back', 'go', 'please', 'make', 'sure', 'assisted', 'someone', 'else']","['far', 'bad', 'bank', 'experience', 'life', 'assist', 'jestine', 'probably', 'rude', 'person', 'ever', 'come', 'across', 'condescend', 'get', 'job', 'do', 'either', 'literally', 'teared', 'leave', 'bank', 'needless', 'say', 'never', 'go', 'back', 'go', 'please', 'make', 'sure', 'assist', 'someone', 'else']"
84,Joshua K,11 months ago,understand bank teller frustrating customer service older lady wearing wig abhorrently bad astounding employed let people ask question jump unrelated incorrect answer speaking humans pre requisite space,1,understand bank teller frustrat custom servic older ladi wear wig abhorr bad astound employ let peopl ask question jump unrel incorrect answer speak human pre requisit space,"['understand', 'bank', 'teller', 'frustrating', 'customer', 'service', 'older', 'lady', 'wearing', 'wig', 'abhorrently', 'bad', 'astounding', 'employed', 'let', 'people', 'ask', 'question', 'jump', 'unrelated', 'incorrect', 'answer', 'speaking', 'humans', 'pre', 'requisite', 'space']","['understand', 'bank', 'teller', 'frustrate', 'customer', 'service', 'old', 'lady', 'wear', 'wig', 'abhorrently', 'bad', 'astound', 'employed', 'let', 'people', 'ask', 'question', 'jump', 'unrelated', 'incorrect', 'answer', 'speaking', 'human', 'pre', 'requisite', 'space']"
85,Nevena Ninkovic,8 months ago,every time try make payment debit card seems issue customer service provides automatic robotic responses rarely help spent time talking customer service using scotiabank card big disappointment,1,everi time tri make payment debit card seem issu custom servic provid automat robot respons rare help spent time talk custom servic use scotiabank card big disappoint,"['every', 'time', 'try', 'make', 'payment', 'debit', 'card', 'seems', 'issue', 'customer', 'service', 'provides', 'automatic', 'robotic', 'responses', 'rarely', 'help', 'spent', 'time', 'talking', 'customer', 'service', 'using', 'scotiabank', 'card', 'big', 'disappointment']","['every', 'time', 'try', 'make', 'payment', 'debit', 'card', 'seem', 'issue', 'customer', 'service', 'provide', 'automatic', 'robotic', 'response', 'rarely', 'help', 'spent', 'time', 'talk', 'customer', 'service', 'use', 'scotiabank', 'card', 'big', 'disappointment']"
86,Nicole P,a year ago,wow reviewers lying customer service agent jestine lady short brown bob glasses extremely rude completely understand stressful working covid times service provided awful condescending unhelpful made feel awful ended passing someone else extremely nice professional wow truly sure lady job,2,wow review lie custom servic agent jestin ladi short brown bob glass extrem rude complet understand stress work covid time servic provid aw condescend unhelp made feel aw end pass someon els extrem nice profession wow truli sure ladi job,"['wow', 'reviewers', 'lying', 'customer', 'service', 'agent', 'jestine', 'lady', 'short', 'brown', 'bob', 'glasses', 'extremely', 'rude', 'completely', 'understand', 'stressful', 'working', 'covid', 'times', 'service', 'provided', 'awful', 'condescending', 'unhelpful', 'made', 'feel', 'awful', 'ended', 'passing', 'someone', 'else', 'extremely', 'nice', 'professional', 'wow', 'truly', 'sure', 'lady', 'job']","['wow', 'reviewer', 'lie', 'customer', 'service', 'agent', 'jestine', 'lady', 'short', 'brown', 'bob', 'glass', 'extremely', 'rude', 'completely', 'understand', 'stressful', 'working', 'covid', 'time', 'service', 'provide', 'awful', 'condescend', 'unhelpful', 'make', 'feel', 'awful', 'end', 'pass', 'someone', 'else', 'extremely', 'nice', 'professional', 'wow', 'truly', 'sure', 'lady', 'job']"
87,Vincent Jordaan,a year ago,scotiabank use efficent understanding friendly recently really went downhil seem unorgnised friendly accomodating whats took lot longer simply close one accounts sent calling visiting person would recommend scotiabank,1,scotiabank use effic understand friendli recent realli went downhil seem unorgnis friendli accomod what took lot longer simpli close one account sent call visit person would recommend scotiabank,"['scotiabank', 'use', 'efficent', 'understanding', 'friendly', 'recently', 'really', 'went', 'downhil', 'seem', 'unorgnised', 'friendly', 'accomodating', 'whats', 'took', 'lot', 'longer', 'simply', 'close', 'one', 'accounts', 'sent', 'calling', 'visiting', 'person', 'would', 'recommend', 'scotiabank']","['scotiabank', 'use', 'efficent', 'understand', 'friendly', 'recently', 'really', 'go', 'downhil', 'seem', 'unorgnised', 'friendly', 'accomodating', 'whats', 'take', 'lot', 'longer', 'simply', 'close', 'one', 'account', 'send', 'call', 'visit', 'person', 'would', 'recommend', 'scotiabank']"
89,Ravion Francis,5 years ago,clean nice branch,5,clean nice branch,"['clean', 'nice', 'branch']","['clean', 'nice', 'branch']"
90,Ekin Bozkurt,5 years ago,good,5,good,['good'],['good']
91,Junaid Shaikh,4 years ago,bad,1,bad,['bad'],['bad']
92,Arturo Olascoaga,9 years ago,bad service,2,bad servic,"['bad', 'service']","['bad', 'service']"
93,Asdollah Mirza,6 years ago,none,1,none,['none'],['none']
94,Vladimir Lezgovko,3 years ago,none,1,none,['none'],['none']
95,Angela P,5 years ago,none,2,none,['none'],['none']
96,Neda Ghazi,3 years ago,none,5,none,['none'],['none']
97,Yu Lynn,5 years ago,none,1,none,['none'],['none']
98,Runze Zhang,3 years ago,none,5,none,['none'],['none']
100,ÁéãSonny,6 years ago,none,3,none,['none'],['none']
101,naynesh panchal,4 weeks ago,none,5,none,['none'],['none']
102,Rawnok Ahmed,6 years ago,none,1,none,['none'],['none']
103,statictones,5 years ago,none,4,none,['none'],['none']
104,Daniel Katsaga,5 years ago,none,1,none,['none'],['none']
105,Manuelito Torres,a year ago,none,1,none,['none'],['none']
106,Dion MacConnell,2 months ago,none,4,none,['none'],['none']
107,Preriit Ahuja,6 years ago,none,2,none,['none'],['none']
108,Andrey Fukivskyi,7 months ago,none,5,none,['none'],['none']
109,Ali Monam,2 years ago,none,1,none,['none'],['none']
